{
  "n": 294,
  "recall@1": 0.42857142857142855,
  "recall@3": 0.5782312925170068,
  "recall@5": 0.6122448979591837,
  "recall@10": 0.6122448979591837,
  "hit@1": 0.42857142857142855,
  "hit@3": 0.5782312925170068,
  "hit@5": 0.6122448979591837,
  "hit@10": 0.6122448979591837,
  "mrr@10": 0.502891156462585,
  "query_latency_p50_ms": 45.2,
  "query_latency_p95_ms": 70.8,
  "query_latency_mean_ms": 46.5,
  "index_time_p50_s": 0.0,
  "index_time_p95_s": 0.0,
  "avg_files_returned": 5.2,
  "avg_tokens_returned": 3996.0
}